epoch,step,val_loss
0,3,1.024256706237793
1,7,0.9610214233398438
2,11,0.901086688041687
3,15,0.8442408442497253
4,16,0.8442408442497253
